<?xml version="1.0" encoding="UTF-8" standalone="no"?>
<assembly>
	<id>sn</id>
	<formats>
		<format>jar</format>
	</formats>
	<includeBaseDirectory>false</includeBaseDirectory>
	<fileSets>
	    <fileSet>
            <directory>target/classes/com/bbva/uuaa/helloWorld/business</directory>
            <outputDirectory>com/bbva/uuaa/helloWorld/business</outputDirectory>
        </fileSet>
	    <fileSet>
            <directory>target/classes/META-INF</directory>            
            <outputDirectory>META-INF</outputDirectory>
        </fileSet>        
	</fileSets> 
</assembly>